n1	掘って、つないで、整える。土木の仕事が、そのまま勝つための作戦になる。	掘って、つないで、整える。土木の仕事が、そのまま勝つための作戦になる。
p1	橋も道路も身近なのに、土木の魅力は、なかなか伝わらない。	橋も道路も身近なのに、土木の魅力は、なかなか伝わらない。
p2	だから、ゲームにしました。遊びながら、土木を知るきっかけになれば。	だから、ゲームにしました。遊びながら、土木を知るきっかけになれば。
n2	インフララッシュは、5体の作業ボットに指示を出して、相手の城を目指す、3D土木ストラテジーです。	INFRA RUSHは、5体の作業Botに指示を出して、相手の城を目指す、3D土木ストラテジーです。
n3a	ボットに採掘を任せて、石、土、鉄を集めます。	Botに採掘を任せて、石、土、鉄を集めます。
n3b	資材がそろったら橋を架けて、道がつながったら、一気に城へ。	資材がそろったら橋を架けて、道がつながったら、一気に城へ。
n3c	重機の動きと音で、作業の手ごたえも味わえます。	重機の動きと音で、作業の手ごたえも味わえます。
n4a	5体を、採掘、施工、進軍に、どう振り分けるか。	5体を、採掘、施工、進軍に、どう振り分けるか。
n4b	中央の橋を先に取るか、橋を強くするか、もりどで相手の道をふさぐか。	中央の橋を先に取るか、橋を強くするか、盛土で相手の道をふさぐか。
n4c	地震や妨害で傷んだ道を直すかどうかも、勝負の分かれ目です。	地震や妨害で傷んだ道を直すかどうかも、勝負の分かれ目です。
n5a	初めてでも大丈夫。遊び方は、実際に操作しながら覚えられます。	初めてでも大丈夫。遊び方は、実際に操作しながら覚えられます。
n5b	慣れてきたら、3段階のシーピーユーから、ちょうどいい強さを選んで対戦。	慣れてきたら、3段階のCPUから、ちょうどいい強さを選んで対戦。
n6a	ひとりで磨いた作戦は、リアルタイム対戦へ。	ひとりで磨いた作戦は、リアルタイム対戦へ。
n6b	ランダム対戦のほか、5桁のコードや招待リンクで、友だちとも遊べます。	ランダム対戦のほか、5桁のコードや招待リンクで、友だちとも遊べます。
n6c	通信が切れても、90秒以内なら、自動で試合に戻れます。	通信が切れても、90秒以内なら、自動で試合に戻れます。
n6d	遊んだあとは、土木まめちしき。橋や道路の意外なしくみを、出典つきで紹介しています。	遊んだあとは、土木まめちしき。橋や道路の意外なしくみを、出典つきで紹介しています。
n7a	3Dの描画はスリージェイエス。ボットや重機は、ブレンダーで作りました。	3Dの描画はThree.js。Botや重機は、Blenderで作りました。
n7b	対戦はゴーとウェブソケットのサーバー権威型。資源も勝敗も、サーバーが判定します。	対戦はGoとWebSocketのサーバー権威型。資源も勝敗も、サーバーが判定します。
n7d	ピーダブリューエーにも対応していて、スマホでもパソコンでも、ブラウザからすぐに遊べます。	PWAにも対応していて、スマホでもパソコンでも、ブラウザからすぐに遊べます。
n7c	本番の基盤は、エーダブリューエスで設計して、テラフォームでコードとして管理します。	本番の基盤は、AWSで設計して、Terraformでコードとして管理します。
n8a	試合結果とアンケートは、シーピーユーの強さの調整に。	試合結果とアンケートは、CPUの強さの調整に。
n8b	データが集まったら、小さな変更をテストして反映。	データが集まったら、小さな変更をテストして反映。
n8c	ゲームもインフラのように、点検と改善を続けます。	ゲームもインフラのように、点検と改善を続けます。
n9	道をつないで、勝利をつかもう。インフララッシュ、ぜひ遊んでみてください！	道をつないで、勝利をつかもう。INFRA RUSH、ぜひ遊んでみてください！
