n1	掘る。つなぐ。整える。土木の仕事が、そのまま勝つための作戦になる。
p1	橋も道路も身近なのに、土木の面白さって、なかなか伝わらないんですよね。
p2	だから、ゲームにしました。遊びながら、土木を知るきっかけに。
n2	インフララッシュは、5体の作業ボットに指示を出して、相手の城を目指す3D土木ストラテジーです。
n3a	ボットに採掘を任せて、石、土、鉄を集めます。
n3b	資材がそろったら橋を架けて、道がつながった瞬間、一気に城へ。
n3c	重機の動きと音で、作業の手ごたえも楽しめます。
n4a	5体を、採掘、施工、進軍に、どう振り分けるか。
n4b	中央の橋を先に取るか、橋を強くするか、盛り土で相手の道をふさぐか。
n4c	地震や破壊で傷んだ道を直す判断まで、土木の技術が戦況を変えます。
n5a	初めてでも大丈夫。遊び方は、実際に操作しながら練習できます。
n5b	慣れてきたら、3段階のCPUから、自分に合った強さを選んで対戦。
n6a	ひとりで磨いた作戦は、リアルタイム対戦へ。
n6b	ランダム対戦のほか、5桁のコードや招待リンクで、友だちと合流できます。
n6c	通信が途切れても、90秒以内なら自動で試合に戻れます。
n6d	遊んだあとは、土木まめちしき。橋や道路の意外なしくみを、出典つきで学べます。
n7a	3D表示はスリージェイエス。ボットと重機は、ブレンダーで制作しました。
n7b	対戦はゴーとウェブソケットによるサーバー権威型で、資源も勝敗も、サーバーが判定します。
n7d	PWAに対応していて、スマホでもパソコンでも、ブラウザからすぐに遊べます。
n7c	本番の基盤は、AWSで設計し、Terraformでインフラをコード化しています。
n8a	試合結果と、任意のアンケートは、CPUの難易度調整に使います。
n8b	十分なデータを集めて、小さな変更をテストしてから反映します。
n8c	ゲームも、インフラと同じように、点検と改善を続けていきます。
n9	橋を架けて、道をつないで、勝利をつくろう。インフララッシュ！
